Energy,5
Environment,3
Government,3
regulation,2
Jobs,7
Foreign,18
Policy,18
Taxes,5
Economy,9
Debates,3
Sports,2
Elections,5
Guns,2
Candidate,14
Biography,14
Criminal,3
Justice,3
Job,3
Accomplishments,3
Legal,5
Issues,5
Negative,2
Campaigning,2
Public,5
Service,1
Technology,1
Ethics,2
Housing,1
Religion,3
History,7
Trade,2
Terrorism,15
Immigration,15
Urban,1
Iraq,3
Military,8
Crime,4
Veterans,2
Polls,4
and,7
Opinion,4
Women,2
Campaign,1
Finance,1
Pop,1
Culture,1
Nuclear,3
Civil,1
Rights,1
Education,3
Corrections,3
Updates,3
Afghanistan,1
China,2
Federal,2
Budget,2
State,1
Finances,1
Obama,4
Birth,4
Certificate,4
Voting,1
Record,1
Efficiency,1
Health,1
Care,1
Abortion,1
