Foreign,21
Policy,21
Military,6
Nuclear,3
Candidate,11
Biography,11
Small,1
Business,1
Public,12
Safety,3
Service,1
Taxes,4
Economy,18
Retirement,1
Abortion,4
Health,19
Supreme,1
Court,1
Women,3
Crime,2
Diversity,3
Homeland,3
Security,3
Terrorism,9
History,10
Trade,1
Climate,2
Change,2
Bankruptcy,1
Debt,1
Housing,1
Income,3
Jobs,2
Stimulus,2
Wealth,2
Polls,4
and,6
Opinion,4
Energy,3
Government,1
regulation,1
Regulation,6
Guns,7
Care,14
Human,2
Rights,5
Immigration,2
Islam,1
Religion,1
Debates,2
Elections,9
Afghanistan,2
Civil,3
Criminal,1
Justice,1
Ethics,3
Iraq,7
Legal,5
Issues,5
Environment,1
Campaign,1
Finance,1
Financial,3
Voting,1
Record,1
Congress,2
Corrections,2
Updates,2
Technology,2
Drugs,2
Children,1
Education,6
Labor,1
Consumer,1
